,typeId,typeName,id,code,name,zoneId,zone,address,largeCar,car,carDis,carWoman,carGreen,moto,motoDis,largeCar_total,car_total,carDis_total,carWoman_total,carGreen_total,moto_total,motoDis_total,chargeTime,chargeFee,update_time,lnglat
0,2,公有收費停車場,1,B00001,海安路地下停車場,1,中西區,台南市中西區海安路188號B1,0,429,0,0,0,0,0,0,909,0,0,0,0,0,,,2022-11-26 16:06:03,"22.991501,120.195621"
1,2,公有收費停車場,6,A00051,崇善路龍山停車場,2,東區,台南市東區崇善路51號,0,106,0,0,0,0,0,0,158,0,0,0,0,0,,,2022-11-26 16:06:14,"22.982593,120.221534"
2,2,公有收費停車場,7,A00061,東光路地下停車場,2,東區,台南市東區東光路一段76號,0,39,0,0,0,0,0,0,252,0,0,0,0,0,營業時間(自行輸入),收費金額(自行輸入),2022-11-26 16:03:48,"22.992491,120.231296"
3,2,公有收費停車場,13,A00111,公園南路停車場,4,北區,台南市北區海安路3段與公園南路口,0,65,0,0,0,0,0,0,280,0,0,0,0,0,,,2022-11-26 16:06:58,"23.002911,120.200498"
4,2,公有收費停車場,14,A00131,榮譽街停車場,2,東區,台南市東區榮譽街,0,201,0,0,0,0,0,0,352,0,0,0,0,0,,,2022-11-26 16:06:02,"22.976591,120.219439"
5,2,公有收費停車場,15,A00141,臺南萬昌街停車場,1,中西區,台南市中西區萬昌街與青年路226巷口,0,3,0,0,0,0,0,0,23,0,0,0,0,0,,,2022-11-26 16:06:02,"22.991078,120.210567"
6,2,公有收費停車場,16,A00151,臺南環河街停車場,1,中西區,台南市中西區環河街26號旁,0,21,0,0,0,0,0,0,40,0,0,0,0,0,,,2022-11-26 16:06:02,"22.992542,120.192008"
7,2,公有收費停車場,60,A00511,民生路停車場,1,中西區,中西區民生路二段400巷西側(原警察局拖吊場),0,56,0,0,0,0,0,0,192,0,0,0,0,0,,,2022-11-26 16:04:03,"22.997837,120.188128"
8,2,公有收費停車場,62,A00531,東橋八街停車場,7,永康區,永康區東橋八街與東橋三路口,0,41,0,0,0,0,0,0,91,0,0,0,0,0,,,2022-11-26 16:06:16,"23.021002,120.233932"
9,2,公有收費停車場,65,A00561,新化廣停二停車場,9,新化區,新化區中正路498號,0,29,0,0,0,0,0,0,52,2,2,1,0,0,,,2022-11-26 16:04:56,"23.038083,120.307251"
10,2,公有收費停車場,67,A00581,大興公園停車場,4,北區,北區文賢路與大興街口(好市多後方),0,164,0,0,0,0,0,0,150,8,3,3,0,0,,,2022-11-26 16:04:54,"23.011473,120.192454"
11,2,公有收費停車場,68,A00591,大豐公園停車場,4,北區,北區武聖路與和緯路4段路口西北側,0,20,0,0,0,0,0,0,18,1,1,1,0,0,,,2022-11-26 16:06:48,"23.008078,120.187522"
12,2,公有收費停車場,69,A00601,停2路外停車場 (南側),5,安平區,安平區建平16街近中華西路南側,0,1,0,0,0,0,0,0,66,2,2,4,0,0,,,2022-11-26 16:04:46,"22.996565, 120.185636"
13,1,公有免費停車場,93,A00840,怡平停九免費臨時停車場 ,5,安平區,安平區怡平路、永華6街口,0,4,0,0,0,0,0,0,36,1,0,0,0,0,,,2022-11-26 16:05:00,"22.993102,120.176987"
14,1,公有免費停車場,94,A00850,育平9街公有停車場(停10) ,5,安平區,安平區國平路、育平9街口,0,38,0,0,0,0,0,0,72,1,1,1,156,0,,,2022-11-26 16:04:45,"22.995235,120.171545"
15,1,公有免費停車場,96,A00870,文平路與建平五街免費臨時停車場 ,5,安平區,安平區文平路、建平五街口,0,0,0,0,0,0,0,0,65,1,0,1,0,0,,,2022-11-26 16:05:02,"22.987782,120.177894"
16,2,公有收費停車場,98,A00890,龍山里臨時停車場(第二區) ,2,東區,龍山里第二區,0,41,0,0,0,0,0,0,45,2,1,1,67,0,,,2022-11-26 16:05:27,"22.984527,120.219863"
17,1,公有免費停車場,99,A00900,本原街3段(停1) ,5,安平區,本原街3段、智安三街口(本淵寮公有零售市場東側),0,0,0,0,0,0,0,0,48,0,0,0,0,0,,,2022-11-26 16:06:23,"23.053050,120.177516"
18,1,公有免費停車場,100,A00910,安順里臨時免費公有停車場 ,6,安南區,安南區總安街1段、育安街口,0,46,0,0,0,0,0,0,55,2,0,1,21,0,,,2022-11-26 16:04:55,"23.051369,120.215407"
19,1,公有免費停車場,102,A00930,東興路公有停車場 ,25,新營區,新營區東興路、東興八街(衛生局旁),0,2,0,0,0,0,0,0,0,0,0,0,0,0,,,2022-11-26 16:02:31,"23.315489,120.312910"
20,1,公有免費停車場,103,A00940,民族路停車場,25,新營區,新營長榮路一段515巷後方、大公街(防疫所旁),0,5,0,0,0,0,0,0,63,2,0,2,0,0,,,2022-11-26 16:04:55,"23.318598,120.318561"
21,1,公有免費停車場,107,A00980,湖美街60巷臨時免費公有停車場 ,1,中西區,中西區湖美街60巷(西湖社區活動中心旁),0,5,0,0,0,0,0,0,35,1,0,0,30,0,,,2022-11-26 16:04:53,"23.001373,120.181094"
22,1,公有免費停車場,108,A00990,竹溪街公有停車場(停10) ,3,南區,南區竹溪街、健康路一段133巷51弄口(何必館大樓旁),0,3,0,0,0,0,0,0,20,1,1,1,1,0,,,2022-11-26 16:04:44,"22.980223,120.209880"
23,1,公有免費停車場,110,A01010,成德停四免費公有停車場 ,4,北區,北區海安路3段388巷、立賢路1段650巷口,0,0,0,0,0,0,0,0,88,2,0,1,0,0,,,2022-11-26 16:06:48,"23.008623,120.202959"
24,1,公有免費停車場,113,A01040,大興四自辦重劃區公有停車場 ,4,北區,北區大興街76巷,0,26,0,0,0,0,0,0,27,2,0,0,0,0,,,2022-11-26 16:04:30,"23.013394,120.191746"
25,3,民營停車場,115,B00011,成功大學大學路地下停車場,2,東區,東區大學路1號,0,9,0,0,0,0,0,0,150,0,0,0,0,0,,,2021-02-23 11:23:12,"22.999852,120.215339"
26,2,公有收費停車場,116,B00012,永康中華立體停車場,7,永康區,永康區華興街77號,0,67,0,0,0,0,0,0,289,0,0,0,0,0,,,2020-01-13 10:08:14,"23.000737,120.238085"
27,2,公有收費停車場,117,B00013,永康區復國里停(七)停車場,7,永康區,臺南市永康區復國一路150巷26號邊,0,25,0,0,0,0,0,0,45,0,0,0,0,0,,,2020-01-13 10:08:14,"23.005160,120.247130"
28,2,公有收費停車場,118,B00014,臺南市仁德區立體停車場,14,仁德區,仁德區正義一街41號,0,44,0,0,0,0,0,0,294,0,0,0,0,0,,,2020-01-13 10:08:14,"22.972088,120.253223"
29,2,公有收費停車場,119,B00015,新市國小地下停車場,36,新市區,新市區中興路1號B1,0,61,0,0,0,0,0,0,0,0,0,0,0,0,,,2022-11-26 16:06:02,"23.078299,120.2953306"
30,2,公有收費停車場,127,A01121,西門路育賢停車場,4,北區,台南市北區西門路四段341巷16號對面空地,0,9,0,0,0,0,0,0,29,0,0,0,0,0,,,2022-11-26 16:06:58,"23.015194,120.209305"
31,2,公有收費停車場,128,B00016,長榮崇明停車場,2,東區,長榮路一段與長榮路一段15巷路口,0,6,0,0,0,0,0,0,16,0,0,0,0,0,,,2022-11-26 16:02:44,"22.982578,120.216159"
32,2,公有收費停車場,129,A01131,大學路(社E2)停車場,2,東區,台南市東區大學路西段53號西側,0,75,0,0,0,0,0,0,159,0,0,0,0,0,營業時間(自行輸入),收費金額(自行輸入),2022-11-26 16:05:21,"22.996415,120.216435"
33,2,公有收費停車場,130,A01141,關聖里停車場,2,東區,台南市東區裕和路39號旁,0,6,0,0,0,0,0,0,68,0,0,0,0,0,,,2022-11-26 16:06:02,"22.985299,120.240880"
34,2,公有收費停車場,131,A01221,民族路停車場,2,東區,台南市東區民族路一段47號旁,0,2,0,0,0,0,0,0,28,0,0,0,0,0,24小時,"平日：$20/H,當日當次最高上限$120；假日：$20/H,當日當次最高上限$150",2022-11-26 16:05:09,"22.994291,120.214003"
35,2,公有收費停車場,132,A01231,大學路(社E1)停車場,2,東區,台南市東區大學路西段67號旁,0,18,0,0,0,0,0,0,57,0,0,0,0,0,24小時,"平日：$20/H,當日當次最高上限$120；假日：$20/H,當日當次最高上限$150",2022-11-26 16:05:13,"22.996186,120.215532"
36,2,公有收費停車場,133,A01241,永福路停車場,1,中西區,台南市中西區永福路一段與永福路一段359巷交叉口,0,0,0,0,0,0,0,0,27,0,0,0,0,0,24小時,$20/H，當日當次最高上限$380,2022-11-26 16:02:18,"22.989641,120.200203"
37,2,公有收費停車場,134,A01251,停2路外停車場(北側),5,安平區,臺南市安平區建平16街近中華西路北側,0,73,0,0,0,0,0,0,92,2,2,0,0,0,,,2022-07-01 02:56:43,"22.996775,120.185680"
38,2,公有收費停車場,135,A01261,崇明停E6停車場,2,東區,臺南市東區崇明路崇明國中南側,0,32,0,0,0,0,0,0,106,3,3,3,0,0,24小時,每小時20元,2022-10-25 11:49:31,"22.969779,120.225508"
39,2,公有收費停車場,136,A01271,和平公園停車場,2,東區,台南市東區文化路100號和平公園旁,0,42,0,0,0,0,0,0,79,2,2,2,0,0,24小時,每小時20元,2022-10-25 15:37:36,"22.977825,120.233083"
40,2,公有收費停車場,137,A01281,德光公園停車場,2,東區,台南市東區崇德一街德光公園東北側,0,20,0,0,0,0,0,0,17,1,1,1,0,0,24小時,每小時20元,2022-10-25 13:20:30,"22.979767,120.221511"
41,2,公有收費停車場,138,A01291,崇明五街公兒E37停車場,2,東區,台南市東區崇明路與崇明五街口西南側,0,16,0,0,0,0,0,0,25,1,1,1,0,0,24小時,每小時20元,2022-10-25 13:33:21,"22.979940,120.217013"
42,2,公有收費停車場,140,A01311,泉南里停車場,2,東區,台南市東區府連路344巷53號旁空地停車場,0,9,0,0,0,0,0,0,17,0,0,0,0,0,,,2022-11-26 16:06:03,"22.983160,120.216030"
43,2,公有收費停車場,142,A01321, 裕文圖書館停車場,2,東區,台南市東區裕信路237號(裕文圖書館旁),0,6,0,0,0,0,0,0,20,0,0,0,0,0,,,2022-11-26 16:06:02,"22.982166,120.245506"
44,2,公有收費停車場,144,A01341,立德臨時停車場,2,東區,台南市東區立德一路與立德五路口,0,36,0,0,0,0,0,0,133,0,0,0,0,0,,,2022-11-26 16:06:02,"22.976128,120.214834"
45,5,智慧停車,145,D00001,林森路-3路邊停車格,2,東區,林森路二段,0,176,0,0,0,0,0,0,209,0,0,0,0,0,08:00~22:00,每小時20元,2022-11-26 16:05:11,"22.995708,120.224279"
46,5,智慧停車,146,D00002,小東路-1 前鋒路口-勝利路口,2,東區,小東路-1 前鋒路口-勝利路口,0,68,0,0,0,0,0,0,75,0,0,0,0,0,08:00~22:00,每小時20元,2022-11-26 16:05:06,"23.001162,120.216190"
47,5,智慧停車,147,D00003,小東路-2  勝利路口-成大側門,2,東區,小東路-2  勝利路口-成大側門,0,27,0,0,0,0,0,0,45,0,0,0,0,0,08:00~22:00,每小時20元,2022-11-26 16:05:07,"23.000798,120.219560"
48,5,智慧停車,148,D00004,小東路-3 成大側門-長榮路口,2,東區,小東路-3 成大側門-長榮路口,0,28,0,0,0,0,0,0,34,0,0,0,0,0,08:00~22:00,每小時20元,2022-11-26 16:05:07,"23.000670,120.220920"
49,5,智慧停車,149,D00005,小東路-4 長榮路口-中華東路口,2,東區,小東路-4 長榮路口-中華東路口,0,59,0,0,0,0,0,0,81,0,0,0,0,0,08:00~22:00,每小時20元,2022-11-26 16:05:07,"23.000551,120.223380"
50,4,路邊委外,249,C00044,南榕大道-1,5,安平區,南榕大道(東段),0,45,0,0,0,0,0,0,54,0,0,0,0,0,,,2022-11-26 00:00:15,"22.990382,120.185285"
51,4,路邊委外,250,C00045,南榕大道-2,5,安平區,南榕大道(西段),0,44,0,0,0,0,0,0,57,0,0,0,0,0,,,2022-11-26 00:00:15,"22.990056,120.184344"
52,4,路邊委外,251,C00046,永華路-3,5,安平區,中華西路口-光洲路口兩側,0,252,0,0,0,0,0,0,279,0,0,0,0,0,,,2022-11-26 00:00:15,"22.996521,120.186501"
53,4,路邊委外,252,C00047,和緯路-1,4,北區,北門路口-公園路口兩側,0,62,0,0,0,0,0,0,68,0,0,0,0,0,,,2022-11-26 00:00:16,"23.004300,120.213713"
54,4,路邊委外,253,C00048,和緯路-2,4,北區,公園路口-西門路口兩側,0,14,0,0,0,0,0,0,15,0,0,0,0,0,,,2022-11-26 00:00:16,"23.012232,120.205822"
55,4,路邊委外,254,C00049,府前四街,5,安平區,府前路口-建平17街口兩側,0,12,0,0,0,0,0,0,28,0,0,0,0,0,,,2022-11-26 00:00:16,"22.996996,120.185319"
56,4,路邊委外,255,C00050,南島路東段,5,安平區,南島路,0,25,0,0,0,0,0,0,35,0,0,0,0,0,,,2022-11-26 00:00:15,"22.991104,120.185832"
57,3,民營停車場,257,B00009,博客停車場開發股份有限公司燦坤海佃場,6,安南區,台南市安南區海佃路一段329號,0,82,0,0,0,0,0,0,146,0,0,0,0,0,,,2022-11-26 15:59:45,"23.026084,120.190838"
58,5,智慧停車,258,D00006,勝利路-1(路邊停車格),2,東區,東門路口-大學路口兩側 ,0,23,0,0,0,0,0,0,39,0,0,0,0,0,08:00~22:00,每小時20元,2022-11-26 16:05:03,"22.990740,120.217720"
59,5,智慧停車,259,D00007,勝利路-2(路邊停車格),2,東區,大學路口-小東路口兩側 ,0,31,0,0,0,0,0,0,33,0,0,0,0,0,08:00~22:00,每小時20元,2022-11-26 16:05:04,"22.996836,120.218154"
60,5,智慧停車,260,D00008,勝利路-3(路邊停車格),4,北區,小東路口-東豐路口兩側 ,0,5,0,0,0,0,0,0,24,0,0,0,0,0,08:00~22:00,每小時20元,2022-11-26 16:05:04,"23.001863,120.218551"
61,5,智慧停車,261,D00009,長榮路-3(路邊停車格),2,東區,東寧路口-大學路口兩側,0,13,0,0,0,0,0,0,17,0,0,0,0,0,08:00~22:00,每小時20元,2022-11-26 16:05:05,"22.993639,120.221729"
62,5,智慧停車,262,D00010,長榮路-4(路邊停車格),2,東區,大學路口-東豐路口兩側 ,0,70,0,0,0,0,0,0,81,0,0,0,0,0,08:00~22:00,每小時20元,2022-11-26 16:05:06,"22.998840,120.222156"
63,5,智慧停車,263,D00011,前鋒路-3(路邊停車格),4,北區,小東路口-東豐路口兩側 ,0,20,0,0,0,0,0,0,21,0,0,0,0,0,08:00~22:00,每小時20元,2022-11-26 16:05:06,"23.002477,120.214804"
64,5,智慧停車,264,D00012,林森路-4(路邊停車格),4,北區,小東路口-開元路口兩側 ,0,21,0,0,0,0,0,0,22,0,0,0,0,0,08:00~22:00,每小時20元,2022-11-26 16:05:11,"23.005566,120.224688"
65,5,智慧停車,265,D00013,東和路(路邊停車格）,2,東區,小東路口-林森路口兩側 ,0,12,0,0,0,0,0,0,21,0,0,0,0,0,08:00~22:00,每小時20元,2022-11-26 16:05:16,"22.998481,120.225730"
66,5,智慧停車,266,D00014,安平路(路邊停車格),5,安平區,中華西路口-承天橋 ,0,126,0,0,0,0,0,0,173,0,0,0,0,0,08:00~22:00,每小時20元,2022-11-26 16:05:16,"22.998103,120.172637"
67,4,路邊委外,271,C00056,海安路-1,1,中西區,永華路口-府前路口兩側,0,27,0,0,0,0,0,0,55,0,0,0,0,0,,,2022-11-26 00:00:16,"22.989640,120.195159"
68,4,路邊委外,272,C00057,海安路-5,1,中西區,民族路口-臨安路口兩側,0,34,0,0,0,0,0,0,72,0,0,0,0,0,,,2022-11-26 00:00:16,"23.000070,120.198538"
69,4,路邊委外,273,C00058,公園南路-2,4,北區,公園路口-臨安路口兩側,0,8,0,0,0,0,0,0,41,0,0,0,0,0,,,2022-11-26 00:00:16,"23.002430,120.203801"
70,4,路邊委外,274,C00059,西門路-3,1,中西區,永華路口-府前路口兩側,0,5,0,0,0,0,0,0,11,0,0,0,0,0,,,2022-11-26 00:00:16,"22.989052,120.197498"
71,4,路邊委外,275,C00060,西門路-4,1,中西區,府前路口-民生路口兩側,0,11,0,0,0,0,0,0,23,0,0,0,0,0,,,2022-11-26 00:00:16,"22.993060,120.198729"
72,4,路邊委外,276,C00061,西門路-5,1,中西區,民生路口-西門圓環,0,4,0,0,0,0,0,0,15,0,0,0,0,0,,,2022-11-26 00:00:16,"22.996525,120.199747"
73,4,路邊委外,277,C00062,西門路-6,1,中西區,西門圓環-成功路口兩側,0,1,0,0,0,0,0,0,4,0,0,0,0,0,,,2022-11-26 00:00:16,"22.998932,120.200861"
74,4,路邊委外,278,C00063,西門路-7,4,北區,成功路口-公園北路口兩側,0,7,0,0,0,0,0,0,28,0,0,0,0,0,,,2022-11-26 00:00:16,"23.001481,120.202609"
75,4,路邊委外,279,C00064,西門路-8,4,北區,公園北路口-和緯路口兩側,0,48,0,0,0,0,0,0,101,0,0,0,0,0,,,2022-11-26 00:00:16,"23.008816,120.207446"
76,4,路邊委外,280,C00065,西門圓環-1,1,中西區,西門圓環東北角-東南角,0,14,0,0,0,0,0,0,36,0,0,0,0,0,,,2022-11-26 00:00:17,"22.997236,120.200488"
77,4,路邊委外,281,C00066,西門圓環-2,1,中西區,西門圓環西北角-西南角,0,16,0,0,0,0,0,0,47,0,0,0,0,0,,,2022-11-26 00:00:17,"22.997297,120.199666"
78,2,公有收費停車場,282,A01351,博客停車場開發股份有限公司台南轉運站,4,北區,台南市北區公園路291號,0,54,0,0,0,2,0,0,261,0,0,0,492,0,,,2022-11-26 16:04:23,"23.001805,120.209197"
79,5,智慧停車,283,D00015,府前路-9(路邊停車格),5,安平區,中華西路口-建平路口兩側 ,0,15,0,0,0,0,0,0,25,0,0,0,0,0,08:00~22:00,每小時20元,2022-11-26 16:05:01,"22.993200,120.184280"
80,5,智慧停車,284,D00016,大學路-2(路邊停車格),2,東區,勝利路口-長榮路口兩側 ,0,6,0,0,0,0,0,0,7,0,0,0,0,0,08:00~22:00,每小時20元,2022-11-26 16:05:04,"22.996090,120.220482"
81,5,智慧停車,285,D00017,東寧路-1(路邊停車格),2,東區,慶東路口-長榮路口兩側,0,22,0,0,0,0,0,0,28,0,0,0,0,0,08:00~22:00,每小時20元,2022-11-26 16:05:05,"22.992170,120.220100"
82,5,智慧停車,286,D00018,東豐路-1(路邊停車格),2,東區,北門路口-勝利路口兩側 ,0,19,0,0,0,0,0,0,32,0,0,0,0,0,08:00~22:00,每小時20元,2022-11-26 16:05:08,"23.003900,120.216190"
83,5,智慧停車,287,D00019,東豐路-2(路邊停車格),2,東區,勝利路口-長榮路口兩側 ,0,18,0,0,0,0,0,0,22,0,0,0,0,0,08:00~22:00,每小時20元,2022-11-26 16:05:08,"23.003276,120.220291"
84,5,智慧停車,288,D00020,東豐路-3(路邊停車格),2,東區,長榮路口-林森路口兩側 ,0,17,0,0,0,0,0,0,22,0,0,0,0,0,08:00~22:00,每小時20元,2022-11-26 16:05:09,"23.002854,120.223324"
85,5,智慧停車,289,D00021,東豐路-4(路邊停車格),2,東區,林森路口-桌球館兩側 ,0,21,0,0,0,0,0,0,24,0,0,0,0,0,08:00~22:00,每小時20元,2022-11-26 16:05:09,"23.002441,120.226031"
86,5,智慧停車,290,D00022,慶平路-3(路邊停車格),5,安平區,華平路口-國平路口兩側 ,0,17,0,0,0,0,0,0,21,0,0,0,0,0,08:00~22:00,每小時20元,2022-11-26 16:05:13,"22.997191,120.172522"
87,5,智慧停車,291,D00023,慶平路-4(路邊停車格),5,安平區,國平路口-育平路口兩側 ,0,38,0,0,0,0,0,0,41,0,0,0,0,0,08:00~22:00,每小時20元,2022-11-26 16:05:13,"22.997508,120.170447"
88,5,智慧停車,292,D00024,慶平路-5(路邊停車格),5,安平區,育平路口-安億橋兩側 ,0,22,0,0,0,0,0,0,24,0,0,0,0,0,08:00~22:00,每小時20元,2022-11-26 16:05:14,"22.997743,120.166683"
89,5,智慧停車,293,D00025,怡平路(路邊停車格),5,安平區,建平路口-華平路口兩側 ,0,26,0,0,0,0,0,0,31,0,0,0,0,0,08:00~22:00,每小時20元,2022-11-26 16:05:14,"22.993134,120.179337"
90,5,智慧停車,294,D00026,郡平路(路邊停車格),5,安平區,華平路口-育平路口兩側 ,0,9,0,0,0,0,0,0,29,0,0,0,0,0,08:00~22:00,每小時20元,2022-11-26 16:05:14,"22.989001,120.168962"
91,5,智慧停車,295,D00027,國平路(路邊停車格),5,安平區,健康路口-慶平路口兩側 ,0,40,0,0,0,0,0,0,40,0,0,0,0,0,08:00~22:00,每小時20元,2022-11-26 16:05:15,"22.992211,120.171202"
92,5,智慧停車,296,D00028,建平17街(路邊停車格),5,安平區,建平路口-慶平路口兩側 ,0,21,0,0,0,0,0,0,63,0,0,0,0,0,08:00~22:00,每小時20元,2022-11-26 16:05:15,"22.997531,120.180323"
93,5,智慧停車,297,D00029,永華三街(路邊停車格),5,安平區,怡平路至建平11街 ,0,22,0,0,0,0,0,0,24,0,0,0,0,0,08:00~22:00,每小時20元,2022-11-26 16:05:15,"22.993331,120.181738"
94,5,智慧停車,298,D00030,建平路-2(路邊停車格),5,安平區,永華路口-慶平路口 ,0,57,0,0,0,0,0,0,57,0,0,0,0,0,08:00~22:00,每小時20元,2022-11-26 16:05:17,"22.991522,120.182923"
95,5,智慧停車,299,D00031,正南五街,7,永康區,正南五街(中正六街-新中街),0,2,0,0,0,0,0,0,16,0,0,0,0,0,08:00~22:00,每小時20元,2022-11-26 16:05:17,"23.036196,120.237510"
96,5,智慧停車,300,D00032,府前路-8(路邊停車格),1,中西區,永華一街口-中華西路口兩側 ,0,16,0,0,0,0,0,0,18,0,0,0,0,0,08:00~22:00,每小時20元,2022-11-26 16:00:00,"22.992300,120.188919"
97,5,智慧停車,301,D00033,青年路-4(路邊停車格),2,東區,前鋒路口-勝利路口兩側 ,0,4,0,0,0,0,0,0,6,0,0,0,0,0,08:00~22:00,每小時20元,2022-11-26 16:05:03,"22.991440,120.213516"
98,5,智慧停車,302,D00034,小東路-6(路邊停車格),2,東區,中華東路口-台南憲兵隊大門口兩側 ,0,26,0,0,0,0,0,0,44,0,0,0,0,0,08:00~22:00,每小時20元,2022-11-26 16:05:08,"22.998400,120.236587"
99,5,智慧停車,303,D00035,環河街(路邊停車格),1,中西區,府前路口-民生路口兩側 ,0,9,0,0,0,0,0,0,25,0,0,0,0,0,08:00~22:00,每小時20元,2022-11-26 16:05:09,"22.992670,120.191890"
100,5,智慧停車,304,D00036,運河北岸C-68號(路邊停車格),1,中西區,環河街口-民生路口兩側 ,0,1,0,0,0,0,0,0,9,0,0,0,0,0,08:00~22:00,每小時20元,2022-11-26 16:05:10,"22.995836,120.192703"
101,5,智慧停車,305,D00037,中華西路2段28巷(路邊停車格),1,中西區,中華西路二段至永華一街口(28巷全) ,0,11,0,0,0,0,0,0,13,0,0,0,0,0,08:00~22:00,每小時20元,2022-11-26 16:05:10,"22.989797,120.187236"
102,5,智慧停車,306,D00038,中華東路-1(路邊停車格),1,中西區,小東路口-後甲圓環兩側 ,0,42,0,0,0,0,0,0,58,0,0,0,0,0,08:00~22:00,每小時20元,2022-11-26 16:05:11,"22.997425,120.234469"
103,5,智慧停車,307,D00039,育樂街-1(路邊停車格),2,東區,青年路口-東寧路口西段 ,0,7,0,0,0,0,0,0,13,0,0,0,0,0,08:00~22:00,每小時20元,2022-11-26 16:05:12,"22.992059,120.214555"
104,5,智慧停車,308,D00040,東榮街(路邊停車格),2,東區,青年路口-東寧路口西段 ,0,18,0,0,0,0,0,0,20,0,0,0,0,0,08:00~22:00,每小時20元,2022-11-26 16:05:12,"22.991961,120.215456"
105,5,智慧停車,309,D00041,崇善路(路邊停車格),2,東區,林森路口-中華東路口兩側 ,0,28,0,0,0,0,0,0,47,0,0,0,0,0,08:00~22:00,每小時20元,2022-11-26 16:05:13,"22.979740,120.224341"
106,5,智慧停車,310,D00042,安億路(路邊停車格）,5,安平區,永華路口-平豐路口兩側 ,0,199,0,0,0,0,0,0,210,0,0,0,0,0,08:00~22:00,每小時20元,2022-11-26 16:05:16,"22.993946,120.159473"
107,5,智慧停車,311,D00043,光州路(路邊停車格),5,安平區,安億路至健康路口兩側,0,39,0,0,0,0,0,0,39,0,0,0,0,0,08:00~22:00,每小時20元,2022-11-26 16:05:17,"22.989703,120.160142"
108,5,智慧停車,312,D00044,後甲二路(路邊停車格),2,東區,自平實路至後甲三路間,0,92,0,0,0,0,0,0,92,0,0,0,0,0,08:00~22:00,每小時20元,2022-11-26 16:05:18,"22.992940,120.236971"
109,3,民營停車場,314,B00017,竑穗東興停車場,2,東區,台南市東區東興路53號,0,24,0,0,0,0,0,0,48,0,0,0,0,0,,,2022-11-21 13:42:02,"22.991172,120.228743"
110,3,民營停車場,315,B00018,竑穗華平二站停車場,5,安平區,台南市安平區華平路515號旁,0,13,0,0,0,0,0,0,23,0,0,0,0,0,,,2022-11-21 13:42:02,"22.994104,120.175425"
111,3,民營停車場,316,B00019,城市車旅focus停車場,1,中西區,台南市中西區中山路166號,0,89,0,0,0,0,0,0,144,0,0,0,0,0,,,2022-11-26 16:06:02,"22.995650,120.210069"
112,3,民營停車場,317,B00020,城市車旅健康停車場,3,南區,台南市南區健康路二段198巷17號旁,0,9,0,0,0,0,0,0,25,0,0,0,0,0,,,2022-11-21 13:42:02,"22.982069,120.192122"
113,3,民營停車場,318,B00021,城市車旅永福停車場,3,南區,台南市南區健康路一段369號旁,0,19,0,0,0,0,0,0,36,0,0,0,0,0,,,2022-11-21 13:42:02,"22.981289,120.200072"
114,3,民營停車場,319,B00022,城市車旅家樂福新仁店停車場,14,仁德區,台南市仁德區大同路三段755號,0,556,0,0,0,0,0,0,731,0,0,0,401,0,,,2022-11-26 16:06:02,"22.946223,120.220602"
115,2,公有收費停車場,329,A01461,臺鐵南科車站東側停車場(汽車),33,善化區,西拉雅大道與南科火車站善新西路交叉路口,0,0,0,0,0,15,0,0,62,1,1,1,236,4,00:00-24:00,"汽車每半小時10元當日最高上限160元,機車每小時10元當日最高上限30元",2022-11-26 16:02:34,"23.107966,120.302103"
116,2,公有收費停車場,330,A01471,臺鐵南科車站西側停車場(汽車),33,善化區,西拉雅大道與南科火車站交叉路口,0,4,0,0,0,99,0,0,21,1,1,1,290,6,00:00-24:00,汽車每半小時10元當日最高上限100元機車每小時10元當日最高上限30元,2022-11-26 16:06:04,"23.107982,120.302714"
117,2,公有收費停車場,331,A01481,富中街停車場,36,新市區,富中街與民生路交叉路口,0,111,0,0,0,0,0,0,122,2,3,2,0,0,00:00-24:00,每半小時10元當日最高上限100元,2022-02-21 23:09:10,"23.079851,120.288075"
118,2,公有收費停車場,332,A01491,富安三街停車場,36,新市區,富安三街與富安路交叉路口,0,97,0,0,0,0,0,0,175,3,3,2,0,0,00:00-24:00,每半小時10元當日最高上限100元,2022-11-15 15:14:14,"23.081723,120.288867"
119,2,公有收費停車場,333,A01501,明大停車場,36,新市區,信義街與綠園一街交叉路口,0,13,0,0,0,0,0,0,27,1,1,1,0,0,00:00-24:00,每半小時10元當日最高上限100元,2022-11-26 16:02:31,"23.073274,120.289969"
120,2,公有收費停車場,334,A01511,億載公園停車場,5,安平區,永華路2段與光州路路口西南側,0,89,0,0,0,0,0,0,92,0,0,0,0,0,營業時間(自行輸入),收費金額(自行輸入),2022-11-26 16:02:56,"22.991168,120.159479"
121,2,公有收費停車場,335,A01521,水景停車場,5,安平區,安北路水景公園旁,0,1,0,0,0,0,0,0,137,0,0,0,0,0,營業時間(自行輸入),收費金額(自行輸入),2022-11-26 16:05:08,"22.999175,120.157886"
122,2,公有收費停車場,336,A01531,港濱停車場(第一區),5,安平區,台南市安平區平豐安億路口,0,3,0,0,0,0,0,0,22,0,0,0,0,0,營業時間(自行輸入),收費金額(自行輸入),2022-11-26 16:05:51,"22.994969,120.163416"
123,2,公有收費停車場,337,A01541,港濱停車場(第二區),5,安平區,台南市安平區安億路,0,21,0,0,0,0,0,0,38,0,0,0,0,0,營業時間(自行輸入),收費金額(自行輸入),2022-11-26 16:06:22,"22.993735,120.158557"
124,2,公有收費停車場,338,A01551,林默娘停車場,5,安平區,708台南市安平區林默娘公園旁,0,126,0,0,0,0,0,0,183,0,0,0,0,0,營業時間(自行輸入),收費金額(自行輸入),2022-11-26 16:04:08,"22.992914,120.157155"
125,2,公有收費停車場,339,A01561,LM陽光電城停車場,36,新市區,台南市新市區龍目井路北側,0,75,0,0,0,0,0,0,101,0,0,0,0,0,,,2022-11-26 16:06:03,"23.109646,120.306574"
126,2,公有收費停車場,340,A01571,復興路停車場,7,永康區,710台南市永康區復興路172號旁,0,8,0,0,0,0,0,0,23,0,0,0,0,0,,,2022-11-26 16:06:02,"22.998839,120.244329"
127,2,公有收費停車場,341,A01581,復華一街停車場,7,永康區,復華一街與復華一街19巷路口處,0,21,0,0,0,0,0,0,55,0,0,0,0,0,,,2022-11-26 16:06:02,"23.005201,120.245162"
128,3,民營停車場,342,A01591,台南機場地下停車場,3,南區,台南市南區機場路775號地下一樓,0,48,0,0,0,0,0,0,114,3,3,0,0,0,,,2022-11-26 16:06:03,"22.948141,120.216186"
129,2,公有收費停車場,343,A01601,臺鐵南科車站西側(第二區)停車場,33,善化區,台南市善化區西拉雅大道橋下與善新西路旁(善化段2195-22號),0,25,0,0,0,0,0,0,33,0,0,0,0,0,,,2022-11-26 16:06:03,"23.107950,120.301600"
130,3,民營停車場,346,B00023,城市車旅國泰置地,1,中西區,台南市中西區永福路一段189號,0,552,0,0,0,219,0,0,971,0,0,0,908,0,,,2022-11-26 16:06:02,"22.988174,120.199729"
131,3,民營停車場,350,B00027,城市車旅兵仔市站,7,永康區,台南市永康區中華路181號旁,0,24,0,0,0,0,0,0,74,0,0,0,0,0,,,2022-11-26 16:06:02,"23.004137,120.235229"
132,3,民營停車場,351,B00028,城市車旅家樂福安平站,1,中西區,台南市中西區中華西路二段16號,0,452,0,0,0,0,0,0,595,0,0,0,0,0,,,2022-11-26 16:06:02,"22.988440,120.187175"
133,2,公有收費停車場,352,A01621,廣二機車停車場,2,東區,臺南市東區中華東路三段380巷西側,0,374,0,0,0,0,0,0,389,0,0,0,0,0,24小時,計次20元,2022-11-26 16:07:04,"22.974413,120.220020"
134,2,公有收費停車場,353,A01631,開南街停車場,4,北區,台南市北區開南街3號對面,0,19,0,0,0,0,0,0,60,0,0,0,0,0,,,2022-11-26 16:06:02,"23.008116,120.222377"
135,2,公有收費停車場,356,A01661,友愛街機車停車場,1,中西區,台南市中西區友愛街9號,0,70,0,0,0,0,0,0,103,0,0,0,0,0,,,2022-11-26 16:02:57,"22.9910136,120.2057289"
136,2,公有收費停車場,359,A01691,目加溜灣橋下停車場,33,善化區,台南市善化區目加溜灣大道與善新西路交叉路口,0,52,0,0,0,0,0,0,67,0,0,0,0,0,,,2022-11-26 16:06:03,"23.119193,120.304970"
137,2,公有收費停車場,360,A01701,南瀛綠都心公園地下停車場,25,新營區,臺南市新營區中正路23-1號B1,0,77,0,0,0,0,0,0,295,0,0,0,0,0,24小時,收費金額,2022-11-26 16:06:53,"23.30978, 120.31604"
138,2,公有收費停車場,361,A01711,大宏社區公園停車場,25,新營區,台南市新營區三民段1地號,0,11,0,0,0,0,0,0,27,0,0,0,0,0,24小時,收費金額,2022-11-26 16:04:28,"23.307919,120.316662"
139,2,公有收費停車場,368,A01721,平實公園地下停車場,2,東區,台南市東區平實路101號,0,81,0,0,0,0,0,0,226,0,0,0,0,0,,,2022-11-26 16:06:58,"22.992785,120.236534"
140,2,公有收費停車場,369,A01731,中華路58巷停車場,7,永康區,永康區中華路58巷與忠孝路185巷間,0,27,0,0,0,0,0,0,52,0,0,0,0,0,,,2022-11-26 16:06:58,"23.002404,120.237254"
141,2,公有收費停車場,370,A01741,北園公兒停車場,4,北區,北區北園街114巷,0,43,0,0,0,0,0,0,167,0,0,0,0,0,,,2022-11-26 16:02:58,"23.013178,120.224732"
142,2,公有收費停車場,371,A01751,大道停6停車場,4,北區,北區和緯路一段與北門路二段路口西北側,0,17,0,0,0,0,0,0,58,0,0,0,0,0,,,2022-11-26 16:06:58,"23.009563,120.215725"
143,5,智慧停車,373,D00045,北門路-3,4,北區,火車站-公園北路口兩側,0,30,0,0,0,0,0,0,31,0,0,0,0,0,08:00~22:00,每小時20元,2022-11-26 16:05:00,"23.002705,120.213677"
144,5,智慧停車,374,D00046,公園南路-1,4,北區,北門路口-公園路口兩側,0,23,0,0,0,0,0,0,37,0,0,0,0,0,08:00~22:00,每小時20元,2022-11-26 16:05:01,"23.000641,120.210449"
145,5,智慧停車,375,D00047,永華路-1,3,南區,西門路口-金華路口兩側,0,11,0,0,0,0,0,0,23,0,0,0,0,0,08:00~22:00,每小時20元,2022-11-26 16:05:01,"22.987255,120.196858"
146,5,智慧停車,376,D00048,南島路,5,安平區,中華西路二段-建平路口兩側,0,75,0,0,0,0,0,0,78,0,0,0,0,0,08:00~22:00,每小時20元,2022-11-26 16:05:02,"22.991107,120.186033"
147,5,智慧停車,377,D00049,東南榕大道,5,安平區,南島路-永華路口兩側(東段),0,54,0,0,0,0,0,0,55,0,0,0,0,0,08:00~22:00,每小時20元,2022-11-26 16:05:02,"22.990425,120.185293"
148,5,智慧停車,378,D00050,西南榕大道,5,安平區,南島路-永華路口兩側(西段),0,54,0,0,0,0,0,0,57,0,0,0,0,0,08:00~22:00,每小時20元,2022-11-26 16:05:02,"22.990799,120.184416"
149,5,智慧停車,379,D00051,公園路-4,4,北區,成功路口-公園北路口兩側,0,19,0,0,0,0,0,0,26,0,0,0,0,0,08:00~22:00,每小時20元,2022-11-26 16:05:03,"23.002451,120.209580"
150,5,智慧停車,380,D00052,金華路-4,3,南區,建南路口-永華路口兩側,0,22,0,0,0,0,0,0,43,0,0,0,0,0,08:00~22:00,每小時20元,2022-11-26 16:05:05,"22.986111,120.191849"
151,5,智慧停車,381,D00053,夏林路-2,3,南區,建南路口-永華路口兩側,0,15,0,0,0,0,0,0,17,0,0,0,0,0,08:00~22:00,每小時20元,2022-11-26 16:05:10,"22.986312,120.194833"
152,5,智慧停車,382,D00054,建南路,3,南區,夏林路口-金華路口北側,0,16,0,0,0,0,0,0,32,0,0,0,0,0,08:00~22:00,每小時20元,2022-11-26 16:05:12,"22.984882,120.193320"
153,5,智慧停車,383,D00055,府前路外停車場,5,安平區,府前路市政園區路外停車場,0,63,0,0,0,0,0,0,69,0,0,0,0,0,08:00~22:00,每小時20元,2022-11-26 16:05:18,"22.993027,120.185004"
154,2,公有收費停車場,385,A01771,新建路停車場,3,南區,台南市南區新建路與新建路3巷口,0,32,0,0,0,0,0,0,91,0,0,0,0,0,,,2022-11-26 16:06:03,"22.998953,120.160938"
155,2,公有收費停車場,387,A01781,運河路(第一區)停車場,5,安平區,台南市安平區運河路9號對面,0,24,0,0,0,0,0,0,149,0,0,0,0,0,,,2022-11-26 16:06:02,"22.998841,120.162579"
156,3,民營停車場,394,B00037,竑穗建業停車場,1,中西區,台南市中西區建業街58號,0,5,0,0,0,0,0,0,46,0,0,0,0,0,,,2022-11-26 16:06:02,"22.988059,120.195151"
157,3,民營停車場,395,B00038,竑穗臺南南一停車場,2,東區,台南市東區民族路一段17巷旁,0,12,0,0,0,0,0,0,23,0,0,0,0,0,,,2022-11-26 16:06:02,"22.993841,120.215527"
158,3,民營停車場,396,B00039,竑穗西華停車場,4,北區,台南市北區西華街36號旁,0,10,0,0,0,0,0,0,22,0,0,0,0,0,,,2022-11-26 16:06:02,"22.999530,120.210705"
159,3,民營停車場,397,B00040,竑穗北安停車場,4,北區,台南市北區北安路一段149號旁,0,21,0,0,0,0,0,0,28,0,0,0,0,0,,,2022-11-26 16:06:02,"23.017343,120.198517"
160,3,民營停車場,398,B00041,竑穗永華停車場,5,安平區,台南市安平區永華路2段701號後方停車場(金華段135地號),0,36,0,0,0,0,0,0,42,0,0,0,0,0,,,2022-11-26 16:06:02,"22.990234,120.172076"
161,3,民營停車場,399,B00042,竑穗富北停車場,4,北區,台南市北區富北街2號旁停車場,0,3,0,0,0,0,0,0,13,0,0,0,0,0,,,2022-11-26 16:06:02,"22.998311,120.211507"
162,3,民營停車場,400,B00043,竑穗水交社停車場,3,南區,台南市南區興昌路53巷口旁停車場,0,199,0,0,0,0,0,0,199,0,0,0,0,0,,,2022-11-26 16:06:02,"22.976072,120.198941"
163,3,民營停車場,401,B00044,竑穗東興停車場,2,東區,台南市東區東興路６３號旁停車場,0,29,0,0,0,0,0,0,48,0,0,0,0,0,,,2022-11-26 16:06:02,"22.991180,120.228805"
164,3,民營停車場,402,B00045,竑穗華平二站停車場,5,安平區,台南市安平區華平路535號旁停車場,0,11,0,0,0,0,0,0,23,0,0,0,0,0,,,2022-11-26 16:06:02,"22.994070,120.175474"
165,3,民營停車場,403,B00046,福吉停車場( 台南健康),1,中西區,台南市中西區健康路2段200號後方停車場,0,12,0,0,0,0,0,0,25,0,0,0,0,0,,,2022-11-26 16:06:02,"22.982070,120.192232"
166,3,民營停車場,404,B00047,竑穗兵仔市停車場,7,永康區,台南市永康區勝利里中華路181號後方停車場,0,63,0,0,0,0,0,0,74,0,0,0,0,0,,,2022-11-26 16:06:02,"23.003952,120.224742"
167,3,民營停車場,405,B00048,竑穗興濟二站停車場,4,北區,台南市北區成功路86號,0,24,0,0,0,0,0,0,37,0,0,0,0,0,,,2022-11-26 16:06:02,"22.997484,120.205186"
168,3,民營停車場,406,B00049,竑穗永福停車場,3,南區,台南市南區健康路一段367號旁,0,9,0,0,0,0,0,0,36,0,0,0,0,0,,,2022-11-26 16:06:02,"22.981315,120.189562"
169,3,民營停車場,407,B00050,竑穗成大勝利停車場,2,東區,台南市東區東寧路與長榮路3段路口旁(成功大學內),0,43,0,0,0,0,0,0,0,0,0,0,0,0,,,2022-11-26 16:06:02,"22.992830,120.221264"
170,3,民營停車場,408,B00051,竑穗善化中正停車場,33,善化區,台南市善化區光明路70號旁,0,10,0,0,0,0,0,0,0,0,0,0,0,0,,,2022-11-26 16:06:02,"23.130541,120.291666"
171,3,民營停車場,409,B00052,竑穗新營和平停車場,25,新營區,台南市新營區新進路二段109號,0,10,0,0,0,0,0,0,0,0,0,0,0,0,,,2022-11-26 16:06:02,"23.300039,120.309972"
172,3,民營停車場,410,B00053,城市車旅台南府連停車場,2,東區,臺南市東區大同路一段197巷18號旁空地,0,20,0,0,0,0,0,0,0,0,0,0,0,0,,,2022-11-26 16:06:02,"22.983935,120.211980"
173,3,民營停車場,411,B00054,城市車旅新市富中停車場,36,新市區,臺南市新市區富中街132號對面空地,0,64,0,0,0,0,0,0,0,0,0,0,0,0,,,2022-11-26 16:06:02,"23.083175,120.290616"
174,3,民營停車場,412,B00055,城市車旅中華西停車場,3,南區,台南市南區中華西路一段與建南路口空地,0,9,0,0,0,0,0,0,26,0,0,0,0,0,,,2022-11-26 16:06:02,"22.985008,120.186402"
175,3,民營停車場,413,B00056,城市車旅太子成大勝利停車場,2,東區,"台南市東區勝利路116號,118號,大學路2號地下一樓至地下三樓",0,151,0,0,0,560,0,0,269,0,0,0,822,0,,,2022-11-26 16:06:03,"22.996159,120.218981"
